combination,silhouette,calinski_harabasz,davies_bouldin,rank
umap_kmeans,0.027401136,38.079308,2.9057683846103544,1
umap_hdbscan,-0.08385983,41.05063,5.226893026068774,2
pca_kmeans,0.005240996,24.056555,6.882072309548218,3
tsne_kmeans,0.009391211,20.03419,10.02437637563477,4
pca_hdbscan,0.008356893,8.793477,12.767050745295549,5
tsne_hdbscan,-0.43623683,2.27173,18.32423040554267,6
