dim_reduction,clustering,silhouette,calinski_harabasz,davies_bouldin,rank
umap,hdbscan,0.74238396,2669.5706,0.3464339558855843,1
umap,kmeans,0.6745337,1341.9573,0.37954537855003334,2
pca,kmeans,0.49076477,187.8122,0.5375615983861094,3
tsne,hdbscan,0.6239602,22.139528,2.0739026850378437,4
tsne,kmeans,0.39076185,67.57421,0.9405496828020565,5
pca,hdbscan,0.4771204,24.059404,2.4695612202786483,6
