combination,silhouette,calinski_harabasz,davies_bouldin,rank
umap_kmeans,0.47876686,2417.2659,0.5908038935667168,1
pca_kmeans,0.53040904,1872.1057,0.4948015476469313,2
pca_hdbscan,0.70236564,239.3359,0.34256830495197227,3
tsne_kmeans,0.37302107,1224.1322,0.9236336675019216,4
umap_hdbscan,0.10954771,845.4114,0.4732159670680243,5
tsne_hdbscan,0.5299751,40.38189,1.7501806704010558,6
